{"$schema":"http://schema.management.azure.com/schemas/2015-01-01/deploymentTemplate.json#","contentVersion":"1.0.0.0","parameters":{"factoryName":{"type":"string","metadata":"Data Factory name"},"LotusDbRaw":{"type":"string"},"LotusDataLakeSA":{"type":"string"},"EdenDbSource":{"type":"string"},"TipsDbSource":{"type":"string"},"SunshineDbSource":{"type":"string"}},"variables":{"factoryId":"[concat('Microsoft.DataFactory/factories/', parameters('factoryName'))]"},"resources":[{"name":"[concat(parameters('factoryName'), '/Pipeline_Lotus_L1_Full_Load_Master')]","type":"Microsoft.DataFactory/factories/pipelines","apiVersion":"2018-06-01","properties":{"activities":[{"name":"Full_Load Job Lookup","description":"Looks into ctl.job_controller table to pickup the active full load jobs for all the sources","type":"Lookup","dependsOn":[],"policy":{"timeout":"7.00:00:00","retry":0,"retryIntervalInSeconds":30,"secureOutput":false,"secureInput":false},"userProperties":[],"typeProperties":{"source":{"type":"AzureSqlSource","sqlReaderQuery":"select source_origin from ctl.job_controller where active_flag = 'Y' and process_type = 'src-raw'","queryTimeout":"02:00:00","partitionOption":"None"},"dataset":{"referenceName":"DS_Job_Controller","type":"DatasetReference","parameters":{"cntrl_tbl_schema":"ctl"}},"firstRowOnly":false}},{"name":"For Each Full_Load Job","description":"Iterator for each eligible job id","type":"ForEach","dependsOn":[{"activity":"Full_Load Job Lookup","dependencyConditions":["Succeeded"]}],"userProperties":[],"typeProperties":{"items":{"value":"@activity('Full_Load Job Lookup').output.value","type":"Expression"},"activities":[{"name":"Trigger L2 pipeline","description":"Triggers the L2 pipeline for full load depending upon the source_origin","type":"Switch","dependsOn":[],"userProperties":[],"typeProperties":{"on":{"value":"@item().source_origin","type":"Expression"},"cases":[{"value":"Eden","activities":[{"name":"Execute Pipeline for Eden","type":"ExecutePipeline","dependsOn":[],"userProperties":[],"typeProperties":{"pipeline":{"referenceName":"Pipeline_Lotus_L2_Full_Load_EDEN_SourceToSourceMirror","type":"PipelineReference"},"waitOnCompletion":true,"parameters":{"cntrl_tbl_schema":"ctl"}}},{"name":"Standard logs Eden","type":"SqlServerStoredProcedure","dependsOn":[{"activity":"Execute Pipeline for Eden","dependencyConditions":["Succeeded"]}],"policy":{"timeout":"7.00:00:00","retry":0,"retryIntervalInSeconds":30,"secureOutput":false,"secureInput":false},"userProperties":[],"typeProperties":{"storedProcedureName":"[[ctl].[sp_job_logger]","storedProcedureParameters":{"datafactory_name":{"value":{"value":"@pipeline().DataFactory","type":"Expression"},"type":"String"},"execution_status":{"value":{"value":"Succeeded","type":"Expression"},"type":"String"},"high_watermark":{"value":{"value":"@addhours(utcnow(),8)","type":"Expression"},"type":"DateTime"},"job_id":{"value":{"value":"0","type":"Expression"},"type":"Int32"},"low_watermark":{"value":{"value":"@addhours(utcnow(),8)","type":"Expression"},"type":"DateTime"},"pipeline_name":{"value":{"value":"@pipeline().Pipeline","type":"Expression"},"type":"String"},"pipeline_run_id":{"value":{"value":"@pipeline().RunId","type":"Expression"},"type":"String"},"process_end_time":{"value":{"value":"@addhours(utcnow(),8)","type":"Expression"},"type":"DateTime"},"process_start_time":{"value":{"value":"@addhours(pipeline().TriggerTime,8)","type":"Expression"},"type":"DateTime"},"records_read":{"value":{"value":"0","type":"Expression"},"type":"Int64"},"records_write":{"value":{"value":"0","type":"Expression"},"type":"Int64"},"rule_id":{"value":{"value":"0","type":"Expression"},"type":"Int32"},"trigger_name":{"value":{"value":"@pipeline().TriggerName","type":"Expression"},"type":"String"},"trigger_time":{"value":{"value":"@addhours(pipeline().TriggerTime,8)","type":"Expression"},"type":"DateTime"},"activity_details":{"value":"Eden Full Load","type":"String"},"master_pipeline_name":{"value":{"value":"@pipeline()?.TriggeredByPipelineName","type":"Expression"},"type":"String"},"master_pipeline_run_id":{"value":{"value":"@pipeline()?.TriggeredByPipelineRunId","type":"Expression"},"type":"String"}}},"linkedServiceName":{"referenceName":"[parameters('LotusDbRaw')]","type":"LinkedServiceReference"}}]},{"value":"Tips","activities":[{"name":"Execute Pipeline for Tips","type":"ExecutePipeline","dependsOn":[],"userProperties":[],"typeProperties":{"pipeline":{"referenceName":"Pipeline_Lotus_L2_Full_Load_TIPS_SourceToSourceMirror","type":"PipelineReference"},"waitOnCompletion":true,"parameters":{}}},{"name":"Standard logs Tips","type":"SqlServerStoredProcedure","dependsOn":[{"activity":"Execute Pipeline for Tips","dependencyConditions":["Succeeded"]}],"policy":{"timeout":"7.00:00:00","retry":0,"retryIntervalInSeconds":30,"secureOutput":false,"secureInput":false},"userProperties":[],"typeProperties":{"storedProcedureName":"[[ctl].[sp_job_logger]","storedProcedureParameters":{"datafactory_name":{"value":{"value":"@pipeline().DataFactory","type":"Expression"},"type":"String"},"execution_status":{"value":{"value":"Succeeded","type":"Expression"},"type":"String"},"high_watermark":{"value":{"value":"@addhours(utcnow(),8)","type":"Expression"},"type":"DateTime"},"job_id":{"value":{"value":"0","type":"Expression"},"type":"Int32"},"low_watermark":{"value":{"value":"@addhours(utcnow(),8)","type":"Expression"},"type":"DateTime"},"pipeline_name":{"value":{"value":"@pipeline().Pipeline","type":"Expression"},"type":"String"},"pipeline_run_id":{"value":{"value":"@pipeline().RunId","type":"Expression"},"type":"String"},"process_end_time":{"value":{"value":"@addhours(utcnow(),8)","type":"Expression"},"type":"DateTime"},"process_start_time":{"value":{"value":"@addhours(pipeline().TriggerTime,8)","type":"Expression"},"type":"DateTime"},"records_read":{"value":{"value":"0","type":"Expression"},"type":"Int64"},"records_write":{"value":{"value":"0","type":"Expression"},"type":"Int64"},"rule_id":{"value":{"value":"0","type":"Expression"},"type":"Int32"},"trigger_name":{"value":{"value":"@pipeline().TriggerName","type":"Expression"},"type":"String"},"trigger_time":{"value":{"value":"@addhours(pipeline().TriggerTime,8)","type":"Expression"},"type":"DateTime"},"activity_details":{"value":"Tips Full Load","type":"String"}}},"linkedServiceName":{"referenceName":"[parameters('LotusDbRaw')]","type":"LinkedServiceReference"}}]},{"value":"Sunshine","activities":[{"name":"Execute Pipeline for Sunshine","type":"ExecutePipeline","dependsOn":[],"userProperties":[],"typeProperties":{"pipeline":{"referenceName":"Pipeline_Lotus_L2_Full_Load_SUNSHINE_SourceToSourceMirror","type":"PipelineReference"},"waitOnCompletion":true,"parameters":{}}},{"name":"Standard logs Sunshine","type":"SqlServerStoredProcedure","dependsOn":[{"activity":"Execute Pipeline for Sunshine","dependencyConditions":["Succeeded"]}],"policy":{"timeout":"7.00:00:00","retry":0,"retryIntervalInSeconds":30,"secureOutput":false,"secureInput":false},"userProperties":[],"typeProperties":{"storedProcedureName":"[[ctl].[sp_job_logger]","storedProcedureParameters":{"datafactory_name":{"value":{"value":"@pipeline().DataFactory","type":"Expression"},"type":"String"},"execution_status":{"value":{"value":"Succeeded","type":"Expression"},"type":"String"},"high_watermark":{"value":{"value":"@addhours(utcnow(),8)","type":"Expression"},"type":"DateTime"},"job_id":{"value":{"value":"0","type":"Expression"},"type":"Int32"},"low_watermark":{"value":{"value":"@addhours(utcnow(),8)","type":"Expression"},"type":"DateTime"},"pipeline_name":{"value":{"value":"@pipeline().Pipeline","type":"Expression"},"type":"String"},"pipeline_run_id":{"value":{"value":"@pipeline().RunId","type":"Expression"},"type":"String"},"process_end_time":{"value":{"value":"@addhours(utcnow(),8)","type":"Expression"},"type":"DateTime"},"process_start_time":{"value":{"value":"@addhours(pipeline().TriggerTime,8)","type":"Expression"},"type":"DateTime"},"records_read":{"value":{"value":"0","type":"Expression"},"type":"Int64"},"records_write":{"value":{"value":"0","type":"Expression"},"type":"Int64"},"rule_id":{"value":{"value":"0","type":"Expression"},"type":"Int32"},"trigger_name":{"value":{"value":"@pipeline().TriggerName","type":"Expression"},"type":"String"},"trigger_time":{"value":{"value":"@addhours(pipeline().TriggerTime,8)","type":"Expression"},"type":"DateTime"},"activity_details":{"value":"Sunshine Full Load","type":"String"}}},"linkedServiceName":{"referenceName":"[parameters('LotusDbRaw')]","type":"LinkedServiceReference"}}]}]}}]}},{"name":"Error Logs","type":"SqlServerStoredProcedure","dependsOn":[{"activity":"For Each Full_Load Job","dependencyConditions":["Failed"]}],"policy":{"timeout":"7.00:00:00","retry":0,"retryIntervalInSeconds":30,"secureOutput":false,"secureInput":false},"userProperties":[],"typeProperties":{"storedProcedureName":"[[ctl].[sp_job_logger]","storedProcedureParameters":{"activity_details":{"value":"Full Load Master Pipeline","type":"String"},"datafactory_name":{"value":{"value":"@pipeline().DataFactory","type":"Expression"},"type":"String"},"execution_status":{"value":"Failed","type":"String"},"high_watermark":{"value":{"value":"@addhours(pipeline().TriggerTime,8)","type":"Expression"},"type":"DateTime"},"job_id":{"value":"0","type":"Int32"},"low_watermark":{"value":{"value":"@addhours(pipeline().TriggerTime,8)","type":"Expression"},"type":"DateTime"},"pipeline_name":{"value":{"value":"@pipeline().Pipeline","type":"Expression"},"type":"String"},"pipeline_run_id":{"value":{"value":"@pipeline().RunId","type":"Expression"},"type":"String"},"process_end_time":{"value":{"value":"@addhours(utcnow(),8)","type":"Expression"},"type":"DateTime"},"process_start_time":{"value":{"value":"@addhours(pipeline().TriggerTime,8)","type":"Expression"},"type":"DateTime"},"records_read":{"value":"0","type":"Int64"},"records_write":{"value":"0","type":"Int64"},"rule_id":{"value":"0","type":"Int32"},"trigger_name":{"value":{"value":"@pipeline().TriggerName","type":"Expression"},"type":"String"},"trigger_time":{"value":{"value":"@addhours(pipeline().TriggerTime,8)","type":"Expression"},"type":"DateTime"},"master_pipeline_name":{"value":{"value":"@pipeline()?.TriggeredByPipelineName","type":"Expression"},"type":"String"},"master_pipeline_run_id":{"value":{"value":"@pipeline()?.TriggeredByPipelineRunId","type":"Expression"},"type":"String"}}},"linkedServiceName":{"referenceName":"[parameters('LotusDbRaw')]","type":"LinkedServiceReference"}}],"policy":{"elapsedTimeMetric":{},"cancelAfter":{}},"folder":{"name":"AIA_LOTUS_Phase1_Full_Load"},"annotations":[],"lastPublishTime":"2022-01-13T02:58:07Z"},"dependsOn":["[concat(variables('factoryId'), '/datasets/DS_Job_Controller')]","[concat(variables('factoryId'), '/pipelines/Pipeline_Lotus_L2_Full_Load_EDEN_SourceToSourceMirror')]","[concat(variables('factoryId'), '/pipelines/Pipeline_Lotus_L2_Full_Load_TIPS_SourceToSourceMirror')]","[concat(variables('factoryId'), '/pipelines/Pipeline_Lotus_L2_Full_Load_SUNSHINE_SourceToSourceMirror')]"]},{"name":"[concat(parameters('factoryName'), '/DS_Job_Controller')]","type":"Microsoft.DataFactory/factories/datasets","apiVersion":"2018-06-01","properties":{"linkedServiceName":{"referenceName":"[parameters('LotusDbRaw')]","type":"LinkedServiceReference"},"parameters":{"cntrl_tbl_schema":{"type":"string","defaultValue":"ctl"}},"annotations":[],"type":"AzureSqlTable","schema":[{"name":"job_id","type":"int","precision":10},{"name":"job_name","type":"varchar"},{"name":"job_description","type":"varchar"},{"name":"last_updated_by","type":"varchar"},{"name":"last_updated_date","type":"datetime","precision":23,"scale":3},{"name":"active_flag","type":"char"},{"name":"process_type","type":"varchar"},{"name":"job_source_sink_identifier","type":"varchar"}],"typeProperties":{"schema":{"value":"@dataset().cntrl_tbl_schema","type":"Expression"},"table":"job_controller"}},"dependsOn":[]},{"name":"[concat(parameters('factoryName'), '/default')]","type":"Microsoft.DataFactory/factories/managedVirtualNetworks","apiVersion":"2018-06-01","properties":{},"dependsOn":[]},{"name":"[concat(parameters('factoryName'), '/Pipeline_Lotus_L2_Full_Load_EDEN_SourceToSourceMirror')]","type":"Microsoft.DataFactory/factories/pipelines","apiVersion":"2018-06-01","properties":{"activities":[{"name":"Job Rule Table Lookup for Full Load","description":"Performs lookup activity on rule control table","type":"Lookup","dependsOn":[{"activity":"Master Control Table Lookup","dependencyConditions":["Succeeded"]}],"policy":{"timeout":"7.00:00:00","retry":0,"retryIntervalInSeconds":30,"secureOutput":false,"secureInput":false},"userProperties":[],"typeProperties":{"source":{"type":"AzureSqlSource","sqlReaderQuery":{"value":"@concat('select a.latest_timestamp,a.extraction_query,b.source_origin,source_schema,source_name,target_schema,target_name,a.loading_mode,a.dataflow_upsert_keys,a.job_id,a.active_flag,a.rule_id,b.process_type, ''lotus_stg_eden'' as stg_schema from ctl.job_controller_rule a join ctl.job_controller b on a.job_id = b.job_id  where a.active_flag = ''Y'' and b.process_type=''src-raw'' and b.source_origin=''Eden'' and a.loading_mode =''Full''')","type":"Expression"},"queryTimeout":"02:00:00","partitionOption":"None"},"dataset":{"referenceName":"DS_Job_Controller_Rule","type":"DatasetReference","parameters":{"cntrl_tbl_schema":{"value":"@pipeline().parameters.cntrl_tbl_schema","type":"Expression"}}},"firstRowOnly":false}},{"name":"For Each Table in Full Load mode","description":"Iterates over each record which satisfies the criteria from previous two lookups","type":"ForEach","dependsOn":[{"activity":"Job Rule Table Lookup for Full Load","dependencyConditions":["Succeeded"]}],"userProperties":[],"typeProperties":{"items":{"value":"@activity('Job Rule Table Lookup for Full load').output.value","type":"Expression"},"batchCount":1,"activities":[{"name":"Success logs","type":"SqlServerStoredProcedure","dependsOn":[{"activity":"stg_src_mirror","dependencyConditions":["Succeeded"]}],"policy":{"timeout":"7.00:00:00","retry":0,"retryIntervalInSeconds":30,"secureOutput":false,"secureInput":false},"userProperties":[],"typeProperties":{"storedProcedureName":"[[ctl].[sp_job_logger]","storedProcedureParameters":{"datafactory_name":{"value":{"value":"@pipeline().DataFactory","type":"Expression"},"type":"String"},"execution_status":{"value":{"value":"Succeeded","type":"Expression"},"type":"String"},"high_watermark":{"value":{"value":"@addhours(pipeline().TriggerTime,8)","type":"Expression"},"type":"DateTime"},"job_id":{"value":{"value":"@item().job_id","type":"Expression"},"type":"Int32"},"low_watermark":{"value":{"value":"@addhours(pipeline().TriggerTime,8)","type":"Expression"},"type":"DateTime"},"pipeline_name":{"value":{"value":"@pipeline().Pipeline","type":"Expression"},"type":"String"},"pipeline_run_id":{"value":{"value":"@pipeline().RunId","type":"Expression"},"type":"String"},"process_end_time":{"value":{"value":"@addhours(utcnow(),8)","type":"Expression"},"type":"DateTime"},"process_start_time":{"value":{"value":"@addhours(variables('process_start_time'),8)","type":"Expression"},"type":"DateTime"},"records_read":{"value":{"value":"@if(equals(contains(activity('stg_src_mirror').output.runStatus.metrics,'sink1'),'true'),\nactivity('stg_src_mirror').output.runStatus.metrics.sink1.sources.source1.rowsRead,0)","type":"Expression"},"type":"Int64"},"records_write":{"value":{"value":"@if(equals(contains(activity('stg_src_mirror').output.runStatus.metrics,'sink1'),'true'),\nactivity('stg_src_mirror').output.runStatus.metrics.sink1.sources.source1.rowsWritten,0)","type":"Expression"},"type":"Int64"},"rule_id":{"value":{"value":"@item().rule_id","type":"Expression"},"type":"Int32"},"trigger_name":{"value":{"value":"@pipeline().TriggerName","type":"Expression"},"type":"String"},"trigger_time":{"value":{"value":"@addhours(pipeline().TriggerTime,8)","type":"Expression"},"type":"DateTime"},"activity_details":{"value":"Eden copy activity from source to staging","type":"String"},"master_pipeline_name":{"value":{"value":"@pipeline()?.TriggeredByPipelineName","type":"Expression"},"type":"String"},"master_pipeline_run_id":{"value":{"value":"@pipeline()?.TriggeredByPipelineRunId","type":"Expression"},"type":"String"}}},"linkedServiceName":{"referenceName":"[parameters('LotusDbRaw')]","type":"LinkedServiceReference"}},{"name":"Error Logs_copy1","type":"SqlServerStoredProcedure","dependsOn":[{"activity":"Failure logs","dependencyConditions":["Succeeded"]}],"policy":{"timeout":"7.00:00:00","retry":0,"retryIntervalInSeconds":30,"secureOutput":false,"secureInput":false},"userProperties":[],"typeProperties":{"storedProcedureName":"[[ctl].[sp_job_error_logger]","storedProcedureParameters":{"datafactory_name":{"value":{"value":"@pipeline().DataFactory","type":"Expression"},"type":"String"},"error_log":{"value":{"value":"@activity('stg_src_mirror').error.Message","type":"Expression"},"type":"String"},"error_message":{"value":{"value":"@activity('stg_src_mirror').error.failureType","type":"Expression"},"type":"String"},"job_id":{"value":{"value":"@item().job_id","type":"Expression"},"type":"Int32"},"job_log_id":{"value":"1","type":"Int64"},"pipeline_name":{"value":{"value":"@pipeline().Pipeline","type":"Expression"},"type":"String"},"pipeline_run_id":{"value":{"value":"@pipeline().RunId","type":"Expression"},"type":"String"},"process_type":{"value":{"value":"src-stg","type":"Expression"},"type":"String"},"rule_id":{"value":{"value":"@item().rule_id","type":"Expression"},"type":"Int32"}}},"linkedServiceName":{"referenceName":"[parameters('LotusDbRaw')]","type":"LinkedServiceReference"}},{"name":"Copy_SourceMirror_DataLake","type":"Copy","dependsOn":[{"activity":"stg_src_mirror","dependencyConditions":["Succeeded"]}],"policy":{"timeout":"7.00:00:00","retry":0,"retryIntervalInSeconds":30,"secureOutput":false,"secureInput":false},"userProperties":[],"typeProperties":{"source":{"type":"AzureSqlSource","sqlReaderQuery":{"value":"@concat('SELECT ',item().extraction_query,' from ',item().target_schema,'.',item().target_name)","type":"Expression"},"queryTimeout":"02:00:00","isolationLevel":"ReadCommitted","partitionOption":"None"},"sink":{"type":"ParquetSink","storeSettings":{"type":"AzureBlobStorageWriteSettings"},"formatSettings":{"type":"ParquetWriteSettings"}},"enableStaging":false,"translator":{"type":"TabularTranslator","typeConversion":true,"typeConversionSettings":{"allowDataTruncation":true,"treatBooleanAsNumber":false}}},"inputs":[{"referenceName":"ds_source_mirror","type":"DatasetReference","parameters":{"source_schema":{"value":"@item().target_schema","type":"Expression"},"source_name":{"value":"@item().target_name","type":"Expression"}}}],"outputs":[{"referenceName":"ds_Lotus_sourcemirror_DataLake","type":"DatasetReference","parameters":{"File_Name":{"value":"@item().target_name","type":"Expression"},"Source_Name":{"value":"@item().source_origin","type":"Expression"}}}]},{"name":"adls job log","type":"SqlServerStoredProcedure","dependsOn":[{"activity":"Copy_SourceMirror_DataLake","dependencyConditions":["Completed"]}],"policy":{"timeout":"7.00:00:00","retry":0,"retryIntervalInSeconds":30,"secureOutput":false,"secureInput":false},"userProperties":[],"typeProperties":{"storedProcedureName":"[[ctl].[sp_job_logger]","storedProcedureParameters":{"activity_details":{"value":{"value":"@concat('Copy data for table ',item().target_schema,'.',item().target_name)","type":"Expression"},"type":"String"},"datafactory_name":{"value":{"value":"@pipeline().DataFactory","type":"Expression"},"type":"String"},"execution_status":{"value":{"value":"@activity('Copy_SourceMirror_DataLake').output.executionDetails[0].status","type":"Expression"},"type":"String"},"high_watermark":{"value":{"value":"@addhours(pipeline().TriggerTime,8)","type":"Expression"},"type":"DateTime"},"job_id":{"value":{"value":"@item().job_id","type":"Expression"},"type":"Int32"},"low_watermark":{"value":{"value":"@addhours(pipeline().TriggerTime,8)","type":"Expression"},"type":"DateTime"},"pipeline_name":{"value":{"value":"@pipeline().Pipeline","type":"Expression"},"type":"String"},"pipeline_run_id":{"value":{"value":"@pipeline().RunId","type":"Expression"},"type":"String"},"process_end_time":{"value":{"value":"@addhours(utcnow(),8)","type":"Expression"},"type":"DateTime"},"process_start_time":{"value":{"value":"@addhours(activity('Copy_SourceMirror_DataLake').output.executionDetails[0].start\n,8)","type":"Expression"},"type":"DateTime"},"records_read":{"value":{"value":"@activity('Copy_SourceMirror_DataLake').output.rowsRead","type":"Expression"},"type":"Int64"},"records_write":{"value":{"value":"@activity('Copy_SourceMirror_DataLake').output.rowsCopied","type":"Expression"},"type":"Int64"},"rule_id":{"value":{"value":"@item().rule_id","type":"Expression"},"type":"Int32"},"trigger_name":{"value":{"value":"@pipeline().TriggerName","type":"Expression"},"type":"String"},"trigger_time":{"value":{"value":"@addhours(pipeline().TriggerTime,8)","type":"Expression"},"type":"DateTime"},"master_pipeline_name":{"value":{"value":"@pipeline()?.TriggeredByPipelineName","type":"Expression"},"type":"String"},"master_pipeline_run_id":{"value":{"value":"@pipeline()?.TriggeredByPipelineRunId","type":"Expression"},"type":"String"}}},"linkedServiceName":{"referenceName":"[parameters('LotusDbRaw')]","type":"LinkedServiceReference"}},{"name":"adls error log","type":"SqlServerStoredProcedure","dependsOn":[{"activity":"Copy_SourceMirror_DataLake","dependencyConditions":["Failed"]}],"policy":{"timeout":"7.00:00:00","retry":0,"retryIntervalInSeconds":30,"secureOutput":false,"secureInput":false},"userProperties":[],"typeProperties":{"storedProcedureName":"[[ctl].[sp_job_error_logger]","storedProcedureParameters":{"datafactory_name":{"value":{"value":"@pipeline().DataFactory","type":"Expression"},"type":"String"},"error_log":{"value":{"value":"@activity('Copy_SourceMirror_DataLake').output.errors[0].Message","type":"Expression"},"type":"String"},"error_message":{"value":{"value":"@activity('Copy_SourceMirror_DataLake').error.failureType","type":"Expression"},"type":"String"},"job_id":{"value":{"value":"@item().job_id","type":"Expression"},"type":"Int32"},"job_log_id":{"value":"1","type":"Int64"},"pipeline_name":{"value":{"value":"@pipeline().Pipeline","type":"Expression"},"type":"String"},"pipeline_run_id":{"value":{"value":"@pipeline().RunId","type":"Expression"},"type":"String"},"process_type":{"value":{"value":"@item().process_type","type":"Expression"},"type":"String"},"rule_id":{"value":{"value":"@item().rule_id","type":"Expression"},"type":"Int32"}}},"linkedServiceName":{"referenceName":"[parameters('LotusDbRaw')]","type":"LinkedServiceReference"}},{"name":"Stored Procedure Recon","type":"SqlServerStoredProcedure","dependsOn":[{"activity":"Success logs","dependencyConditions":["Succeeded"]}],"policy":{"timeout":"7.00:00:00","retry":0,"retryIntervalInSeconds":30,"secureOutput":false,"secureInput":false},"userProperties":[],"typeProperties":{"storedProcedureName":"[[ctl].[sp_recon_logger]","storedProcedureParameters":{"datafactory_name":{"value":{"value":"@pipeline().DataFactory","type":"Expression"},"type":"String"},"Executed_by":{"value":{"value":"'Eden Full Load Pipeline'","type":"Expression"},"type":"String"},"Execution_time":{"value":{"value":"@addhours(utcnow(),8)","type":"Expression"},"type":"DateTime"},"pipeline_name":{"value":{"value":"@pipeline().Pipeline","type":"Expression"},"type":"String"},"pipeline_run_id":{"value":{"value":"@pipeline().RunId","type":"Expression"},"type":"String"},"Records_read":{"value":{"value":"@if(equals(contains(activity('stg_src_mirror').output.runStatus.metrics,'sink1'),'true'),\nactivity('stg_src_mirror').output.runStatus.metrics.sink1.sources.source1.rowsRead,0)","type":"Expression"},"type":"Int64"},"Records_written":{"value":{"value":"@if(equals(contains(activity('stg_src_mirror').output.runStatus.metrics,'sink1'),'true'),\nactivity('stg_src_mirror').output.runStatus.metrics.sink1.sources.source1.rowsWritten,0)","type":"Expression"},"type":"Int64"},"Rule_id":{"value":{"value":"@item().rule_id","type":"Expression"},"type":"Int32"}}},"linkedServiceName":{"referenceName":"[parameters('LotusDbRaw')]","type":"LinkedServiceReference"}},{"name":"Stored Procedure Recon_ADLS","type":"SqlServerStoredProcedure","dependsOn":[{"activity":"adls job log","dependencyConditions":["Succeeded"]}],"policy":{"timeout":"7.00:00:00","retry":0,"retryIntervalInSeconds":30,"secureOutput":false,"secureInput":false},"userProperties":[],"typeProperties":{"storedProcedureName":"[[ctl].[sp_recon_logger]","storedProcedureParameters":{"datafactory_name":{"value":{"value":"@pipeline().DataFactory","type":"Expression"},"type":"String"},"Executed_by":{"value":{"value":"'Eden Full Load Pipeline'","type":"Expression"},"type":"String"},"Execution_time":{"value":{"value":"@addhours(utcnow(),8)","type":"Expression"},"type":"DateTime"},"pipeline_name":{"value":{"value":"@pipeline().Pipeline","type":"Expression"},"type":"String"},"pipeline_run_id":{"value":{"value":"@pipeline().RunId","type":"Expression"},"type":"String"},"Records_read":{"value":{"value":"@activity('Copy_SourceMirror_DataLake').output.rowsRead","type":"Expression"},"type":"Int64"},"Records_written":{"value":{"value":"@activity('Copy_SourceMirror_DataLake').output.rowsCopied","type":"Expression"},"type":"Int64"},"Rule_id":{"value":{"value":"@item().rule_id","type":"Expression"},"type":"Int32"}}},"linkedServiceName":{"referenceName":"[parameters('LotusDbRaw')]","type":"LinkedServiceReference"}},{"name":"Copy data to staging","description":"Copies data from eden source to staging(drift) schema","type":"Copy","dependsOn":[{"activity":"process_start_time","dependencyConditions":["Succeeded"]}],"policy":{"timeout":"7.00:00:00","retry":0,"retryIntervalInSeconds":30,"secureOutput":false,"secureInput":false},"userProperties":[],"typeProperties":{"source":{"type":"SqlServerSource","sqlReaderQuery":{"value":"@concat('SELECT ',item().extraction_query,' from ',item().source_schema,'.',item().source_name)","type":"Expression"},"queryTimeout":"02:00:00","partitionOption":"None"},"sink":{"type":"AzureSqlSink","preCopyScript":{"value":"@{concat('truncate table ',item().stg_schema,'.',item().target_name)}","type":"Expression"},"disableMetricsCollection":false},"enableStaging":false,"translator":{"type":"TabularTranslator","typeConversion":true,"typeConversionSettings":{"allowDataTruncation":true,"treatBooleanAsNumber":false}}},"inputs":[{"referenceName":"DS_DynamicEdenSource","type":"DatasetReference","parameters":{"source_schema":{"value":"@item().source_schema","type":"Expression"},"source_table_name":{"value":"@item().source_name","type":"Expression"}}}],"outputs":[{"referenceName":"DS_Dynamic_Staging","type":"DatasetReference","parameters":{"staging_schema":"lotus_stg_eden","staging_target_table_name":"@item().source_name"}}]},{"name":"stg_src_mirror","type":"ExecuteDataFlow","dependsOn":[{"activity":"Copy data to staging","dependencyConditions":["Succeeded"]}],"policy":{"timeout":"1.00:00:00","retry":0,"retryIntervalInSeconds":30,"secureOutput":false,"secureInput":false},"userProperties":[],"typeProperties":{"dataflow":{"referenceName":"DF_Lotus_stg_source_mirror","type":"DataFlowReference","parameters":{"source_name":{"value":"'@{item().source_name}'","type":"Expression"},"source_schema":{"value":"'@{item().stg_schema}'","type":"Expression"},"target_name":{"value":"'@{item().target_name}'","type":"Expression"},"target_schema":{"value":"'@{item().target_schema}'","type":"Expression"},"upsert_keys":{"value":"'@{item().dataflow_upsert_keys}'","type":"Expression"},"latest_timestamp":{"value":"'@{item().latest_timestamp}'","type":"Expression"},"parameter1":"max(split($latest_timestamp,',')[2])"},"datasetParameters":{"source1":{},"sink1":{"target_schema":{"value":"@item().target_schema","type":"Expression"},"target_name":{"value":"@item().target_name","type":"Expression"}}}},"staging":{},"integrationRuntime":{"referenceName":"ir-ph01-sea-s-lcdp0002","type":"IntegrationRuntimeReference"},"traceLevel":"Fine"}},{"name":"Failure logs","type":"SqlServerStoredProcedure","dependsOn":[{"activity":"stg_src_mirror","dependencyConditions":["Failed"]}],"policy":{"timeout":"7.00:00:00","retry":0,"retryIntervalInSeconds":30,"secureOutput":false,"secureInput":false},"userProperties":[],"typeProperties":{"storedProcedureName":"[[ctl].[sp_job_logger]","storedProcedureParameters":{"datafactory_name":{"value":{"value":"@pipeline().DataFactory","type":"Expression"},"type":"String"},"execution_status":{"value":{"value":"Failed","type":"Expression"},"type":"String"},"high_watermark":{"value":{"value":"@addhours(pipeline().TriggerTime,8)","type":"Expression"},"type":"DateTime"},"job_id":{"value":{"value":"@item().job_id","type":"Expression"},"type":"Int32"},"low_watermark":{"value":{"value":"@addhours(pipeline().TriggerTime,8)","type":"Expression"},"type":"DateTime"},"pipeline_name":{"value":{"value":"@pipeline().Pipeline","type":"Expression"},"type":"String"},"pipeline_run_id":{"value":{"value":"@pipeline().RunId","type":"Expression"},"type":"String"},"process_end_time":{"value":{"value":"@addhours(utcnow(),8)","type":"Expression"},"type":"DateTime"},"process_start_time":{"value":{"value":"@addhours(variables('process_start_time'),8)","type":"Expression"},"type":"DateTime"},"records_read":{"value":"0","type":"Int64"},"records_write":{"value":"0","type":"Int64"},"rule_id":{"value":{"value":"@item().rule_id","type":"Expression"},"type":"Int32"},"trigger_name":{"value":{"value":"@pipeline().TriggerName","type":"Expression"},"type":"String"},"trigger_time":{"value":{"value":"@addhours(pipeline().TriggerTime,8)","type":"Expression"},"type":"DateTime"},"activity_details":{"value":"Eden copy activity from source to staging","type":"String"},"master_pipeline_name":{"value":{"value":"@pipeline()?.TriggeredByPipelineName","type":"Expression"},"type":"String"},"master_pipeline_run_id":{"value":{"value":"@pipeline()?.TriggeredByPipelineRunId","type":"Expression"},"type":"String"}}},"linkedServiceName":{"referenceName":"[parameters('LotusDbRaw')]","type":"LinkedServiceReference"}},{"name":"process_start_time","type":"SetVariable","dependsOn":[],"userProperties":[],"typeProperties":{"variableName":"process_start_time","value":{"value":"@addhours(utcnow(),8)","type":"Expression"}}}]}},{"name":"Master Control Table Lookup","description":"Performs lookup activity on master control table","type":"Lookup","dependsOn":[],"policy":{"timeout":"7.00:00:00","retry":0,"retryIntervalInSeconds":30,"secureOutput":false,"secureInput":false},"userProperties":[],"typeProperties":{"source":{"type":"AzureSqlSource","sqlReaderQuery":"select * from ctl.job_controller where active_flag = 'Y' and process_type = 'src-raw' and source_origin = 'Eden'","queryTimeout":"02:00:00","partitionOption":"None"},"dataset":{"referenceName":"DS_Job_Controller","type":"DatasetReference","parameters":{"cntrl_tbl_schema":"@pipeline().parameters.cntrl_tbl_schema"}},"firstRowOnly":false}}],"policy":{"elapsedTimeMetric":{},"cancelAfter":{}},"parameters":{"cntrl_tbl_schema":{"type":"string","defaultValue":"ctl"}},"variables":{"process_start_time":{"type":"String"}},"folder":{"name":"AIA_LOTUS_Phase1_Full_Load"},"annotations":[],"lastPublishTime":"2022-01-19T16:51:03Z"},"dependsOn":["[concat(variables('factoryId'), '/datasets/DS_Job_Controller_Rule')]","[concat(variables('factoryId'), '/datasets/DS_Job_Controller')]","[concat(variables('factoryId'), '/datasets/ds_source_mirror')]","[concat(variables('factoryId'), '/datasets/ds_Lotus_sourcemirror_DataLake')]","[concat(variables('factoryId'), '/datasets/DS_DynamicEdenSource')]","[concat(variables('factoryId'), '/datasets/DS_Dynamic_Staging')]","[concat(variables('factoryId'), '/dataflows/DF_Lotus_stg_source_mirror')]"]},{"name":"[concat(parameters('factoryName'), '/Pipeline_Lotus_L2_Full_Load_TIPS_SourceToSourceMirror')]","type":"Microsoft.DataFactory/factories/pipelines","apiVersion":"2018-06-01","properties":{"activities":[{"name":"Job Rule Table Lookup for Full Load","description":"Performs lookup activity on rule control table","type":"Lookup","dependsOn":[{"activity":"Master Control Table Lookup","dependencyConditions":["Succeeded"]}],"policy":{"timeout":"7.00:00:00","retry":0,"retryIntervalInSeconds":30,"secureOutput":false,"secureInput":false},"userProperties":[],"typeProperties":{"source":{"type":"AzureSqlSource","sqlReaderQuery":{"value":"@concat('select A.source_schema,A.source_name,A.target_schema,A.target_name,A.job_id,A.active_flag,A.rule_id,A.loading_mode from ',pipeline().parameters.cntrl_tbl_schema,'.job_controller_rule A where A.active_flag=''Y'' and A.job_id =',activity('Master Control Table Lookup').output.value[0].job_id,' and loading_mode = ''Full'' ')","type":"Expression"},"queryTimeout":"02:00:00","partitionOption":"None"},"dataset":{"referenceName":"DS_Job_Controller_Rule","type":"DatasetReference","parameters":{"cntrl_tbl_schema":{"value":"@pipeline().parameters.cntrl_tbl_schema","type":"Expression"}}},"firstRowOnly":false}},{"name":"For Each Table in Full Load mode","description":"Iterates over each record which satisfies the criteria from previous two lookups","type":"ForEach","dependsOn":[{"activity":"Job Rule Table Lookup for Full Load","dependencyConditions":["Succeeded"]}],"userProperties":[],"typeProperties":{"items":{"value":"@activity('Job Rule Table Lookup for Full load').output.value","type":"Expression"},"batchCount":1,"activities":[{"name":"Copy data to Source Mirror","description":"Copies data in full load from source to source mirror","type":"Copy","dependsOn":[],"policy":{"timeout":"7.00:00:00","retry":0,"retryIntervalInSeconds":30,"secureOutput":false,"secureInput":false},"userProperties":[],"typeProperties":{"source":{"type":"SqlServerSource","queryTimeout":"02:00:00","partitionOption":"None"},"sink":{"type":"AzureSqlSink","preCopyScript":{"value":"@{concat('TRUNCATE TABLE ',item().target_schema,'.',item().target_name)}","type":"Expression"},"disableMetricsCollection":false},"enableStaging":false,"translator":{"type":"TabularTranslator","typeConversion":true,"typeConversionSettings":{"allowDataTruncation":true,"treatBooleanAsNumber":false}}},"inputs":[{"referenceName":"DS_Lotus_Tips_full","type":"DatasetReference","parameters":{"source_schema":{"value":"@item().source_schema","type":"Expression"},"source_name":{"value":"@trim(item().source_name)","type":"Expression"}}}],"outputs":[{"referenceName":"DS_Lotus_Tips_full_sink","type":"DatasetReference","parameters":{"target_schema":{"value":"@item().target_schema","type":"Expression"},"target_name":{"value":"@trim(item().target_name)","type":"Expression"}}}]},{"name":"Standard logs","type":"SqlServerStoredProcedure","dependsOn":[{"activity":"Copy data to Source Mirror","dependencyConditions":["Completed"]}],"policy":{"timeout":"7.00:00:00","retry":0,"retryIntervalInSeconds":30,"secureOutput":false,"secureInput":false},"userProperties":[],"typeProperties":{"storedProcedureName":"[[ctl].[sp_job_logger]","storedProcedureParameters":{"datafactory_name":{"value":{"value":"@pipeline().DataFactory","type":"Expression"},"type":"String"},"execution_status":{"value":{"value":"@activity('Copy data to Source Mirror').output.executionDetails[0].status","type":"Expression"},"type":"String"},"high_watermark":{"value":{"value":"@addhours(pipeline().TriggerTime,8)","type":"Expression"},"type":"DateTime"},"job_id":{"value":{"value":"@item().job_id","type":"Expression"},"type":"Int32"},"low_watermark":{"value":{"value":"@addhours(pipeline().TriggerTime,8)","type":"Expression"},"type":"DateTime"},"pipeline_name":{"value":{"value":"@pipeline().Pipeline","type":"Expression"},"type":"String"},"pipeline_run_id":{"value":{"value":"@pipeline().RunId","type":"Expression"},"type":"String"},"process_end_time":{"value":{"value":"@addhours(utcnow(),8)","type":"Expression"},"type":"DateTime"},"process_start_time":{"value":{"value":"@addhours(activity('Copy data to Source Mirror').output.executionDetails[0].start\n,8)","type":"Expression"},"type":"DateTime"},"records_read":{"value":{"value":"@activity('Copy data to Source Mirror').output.rowsRead","type":"Expression"},"type":"Int64"},"records_write":{"value":{"value":"@activity('Copy data to Source Mirror').output.rowsCopied","type":"Expression"},"type":"Int64"},"rule_id":{"value":{"value":"@item().rule_id","type":"Expression"},"type":"Int32"},"trigger_name":{"value":{"value":"@pipeline().TriggerName","type":"Expression"},"type":"String"},"trigger_time":{"value":{"value":"@addhours(pipeline().TriggerTime,8)","type":"Expression"},"type":"DateTime"},"activity_details":{"value":"Tips copy activity from source to staging","type":"String"},"master_pipeline_name":{"value":{"value":"@pipeline()?.TriggeredByPipelineName","type":"Expression"},"type":"String"},"master_pipeline_run_id":{"value":{"value":"@pipeline()?.TriggeredByPipelineRunId","type":"Expression"},"type":"String"}}},"linkedServiceName":{"referenceName":"[parameters('LotusDbRaw')]","type":"LinkedServiceReference"}},{"name":"Error Logs_copy1","type":"SqlServerStoredProcedure","dependsOn":[{"activity":"Copy data to Source Mirror","dependencyConditions":["Failed"]}],"policy":{"timeout":"7.00:00:00","retry":0,"retryIntervalInSeconds":30,"secureOutput":false,"secureInput":false},"userProperties":[],"typeProperties":{"storedProcedureName":"[[ctl].[sp_job_error_logger]","storedProcedureParameters":{"datafactory_name":{"value":{"value":"@pipeline().DataFactory","type":"Expression"},"type":"String"},"error_log":{"value":{"value":"@activity('Copy data to Source Mirror').output.errors[0].Message","type":"Expression"},"type":"String"},"error_message":{"value":{"value":"@activity('Copy data to Source Mirror').error.failureType","type":"Expression"},"type":"String"},"job_id":{"value":{"value":"@item().job_id","type":"Expression"},"type":"Int32"},"job_log_id":{"value":"1","type":"Int64"},"pipeline_name":{"value":{"value":"@pipeline().Pipeline","type":"Expression"},"type":"String"},"pipeline_run_id":{"value":{"value":"@pipeline().RunId","type":"Expression"},"type":"String"},"process_type":{"value":{"value":"src-stg","type":"Expression"},"type":"String"},"rule_id":{"value":{"value":"@item().rule_id","type":"Expression"},"type":"Int32"}}},"linkedServiceName":{"referenceName":"[parameters('LotusDbRaw')]","type":"LinkedServiceReference"}},{"name":"Copy_SourceMirror_DataLake","type":"Copy","dependsOn":[{"activity":"Copy data to Source Mirror","dependencyConditions":["Succeeded"]}],"policy":{"timeout":"7.00:00:00","retry":0,"retryIntervalInSeconds":30,"secureOutput":false,"secureInput":false},"userProperties":[],"typeProperties":{"source":{"type":"AzureSqlSource","queryTimeout":"02:00:00","isolationLevel":"ReadCommitted","partitionOption":"None"},"sink":{"type":"ParquetSink","storeSettings":{"type":"AzureBlobStorageWriteSettings"},"formatSettings":{"type":"ParquetWriteSettings"}},"enableStaging":false,"translator":{"type":"TabularTranslator","typeConversion":true,"typeConversionSettings":{"allowDataTruncation":true,"treatBooleanAsNumber":false}}},"inputs":[{"referenceName":"ds_source_mirror","type":"DatasetReference","parameters":{"source_schema":{"value":"@item().target_schema","type":"Expression"},"source_name":{"value":"@trim(item().target_name)","type":"Expression"}}}],"outputs":[{"referenceName":"ds_Lotus_sourcemirror_DataLake","type":"DatasetReference","parameters":{"File_Name":{"value":"@trim(item().target_name)","type":"Expression"},"Source_Name":{"value":"Tips","type":"Expression"}}}]},{"name":"adls job log","type":"SqlServerStoredProcedure","dependsOn":[{"activity":"Copy_SourceMirror_DataLake","dependencyConditions":["Completed"]}],"policy":{"timeout":"7.00:00:00","retry":0,"retryIntervalInSeconds":30,"secureOutput":false,"secureInput":false},"userProperties":[],"typeProperties":{"storedProcedureName":"[[ctl].[sp_job_logger]","storedProcedureParameters":{"activity_details":{"value":{"value":"@concat('Copy data for table ',item().target_schema,'.',item().target_name)","type":"Expression"},"type":"String"},"datafactory_name":{"value":{"value":"@pipeline().DataFactory","type":"Expression"},"type":"String"},"execution_status":{"value":{"value":"@activity('Copy_SourceMirror_DataLake').output.executionDetails[0].status","type":"Expression"},"type":"String"},"high_watermark":{"value":{"value":"@addhours(pipeline().TriggerTime,8)","type":"Expression"},"type":"DateTime"},"job_id":{"value":{"value":"@item().job_id","type":"Expression"},"type":"Int32"},"low_watermark":{"value":{"value":"@addhours(pipeline().TriggerTime,8)","type":"Expression"},"type":"DateTime"},"pipeline_name":{"value":{"value":"@pipeline().Pipeline","type":"Expression"},"type":"String"},"pipeline_run_id":{"value":{"value":"@pipeline().RunId","type":"Expression"},"type":"String"},"process_end_time":{"value":{"value":"@addhours(utcnow(),8)","type":"Expression"},"type":"DateTime"},"process_start_time":{"value":{"value":"@addhours(activity('Copy_SourceMirror_DataLake').output.executionDetails[0].start\n,8)","type":"Expression"},"type":"DateTime"},"records_read":{"value":{"value":"@activity('Copy_SourceMirror_DataLake').output.rowsRead","type":"Expression"},"type":"Int64"},"records_write":{"value":{"value":"@activity('Copy_SourceMirror_DataLake').output.rowsCopied","type":"Expression"},"type":"Int64"},"rule_id":{"value":{"value":"@item().rule_id","type":"Expression"},"type":"Int32"},"trigger_name":{"value":{"value":"@pipeline().TriggerName","type":"Expression"},"type":"String"},"trigger_time":{"value":{"value":"@addhours(pipeline().TriggerTime,8)","type":"Expression"},"type":"DateTime"},"master_pipeline_name":{"value":{"value":"@pipeline()?.TriggeredByPipelineName","type":"Expression"},"type":"String"},"master_pipeline_run_id":{"value":{"value":"@pipeline()?.TriggeredByPipelineRunId","type":"Expression"},"type":"String"}}},"linkedServiceName":{"referenceName":"[parameters('LotusDbRaw')]","type":"LinkedServiceReference"}},{"name":"adls error log","type":"SqlServerStoredProcedure","dependsOn":[{"activity":"Copy_SourceMirror_DataLake","dependencyConditions":["Failed"]}],"policy":{"timeout":"7.00:00:00","retry":0,"retryIntervalInSeconds":30,"secureOutput":false,"secureInput":false},"userProperties":[],"typeProperties":{"storedProcedureName":"[[ctl].[sp_job_error_logger]","storedProcedureParameters":{"datafactory_name":{"value":{"value":"@pipeline().DataFactory","type":"Expression"},"type":"String"},"error_log":{"value":{"value":"@activity('Copy_SourceMirror_DataLake').output.errors[0].Message","type":"Expression"},"type":"String"},"error_message":{"value":{"value":"@activity('Copy_SourceMirror_DataLake').error.failureType","type":"Expression"},"type":"String"},"job_id":{"value":{"value":"@item().job_id","type":"Expression"},"type":"Int32"},"job_log_id":{"value":"1","type":"Int64"},"pipeline_name":{"value":{"value":"@pipeline().Pipeline","type":"Expression"},"type":"String"},"pipeline_run_id":{"value":{"value":"@pipeline().RunId","type":"Expression"},"type":"String"},"process_type":{"value":{"value":"@item().process_type","type":"Expression"},"type":"String"},"rule_id":{"value":{"value":"@item().rule_id","type":"Expression"},"type":"Int32"}}},"linkedServiceName":{"referenceName":"[parameters('LotusDbRaw')]","type":"LinkedServiceReference"}},{"name":"Stored Procedure Recon","type":"SqlServerStoredProcedure","dependsOn":[{"activity":"Standard logs","dependencyConditions":["Succeeded"]}],"policy":{"timeout":"7.00:00:00","retry":0,"retryIntervalInSeconds":30,"secureOutput":false,"secureInput":false},"userProperties":[],"typeProperties":{"storedProcedureName":"[[ctl].[sp_recon_logger]","storedProcedureParameters":{"datafactory_name":{"value":{"value":"@pipeline().DataFactory","type":"Expression"},"type":"String"},"Executed_by":{"value":{"value":"'Tips Full Load Pipeline'","type":"Expression"},"type":"String"},"Execution_time":{"value":{"value":"@addhours(utcnow(),8)","type":"Expression"},"type":"DateTime"},"pipeline_name":{"value":{"value":"@pipeline().Pipeline","type":"Expression"},"type":"String"},"pipeline_run_id":{"value":{"value":"@pipeline().RunId","type":"Expression"},"type":"String"},"Records_read":{"value":{"value":"@activity('Copy data to Source Mirror').output.rowsRead","type":"Expression"},"type":"Int64"},"Records_written":{"value":{"value":"@activity('Copy data to Source Mirror').output.rowsCopied","type":"Expression"},"type":"Int64"},"Rule_id":{"value":{"value":"@item().rule_id","type":"Expression"},"type":"Int32"}}},"linkedServiceName":{"referenceName":"[parameters('LotusDbRaw')]","type":"LinkedServiceReference"}},{"name":"Stored Procedure Recon_ADLS","type":"SqlServerStoredProcedure","dependsOn":[{"activity":"adls job log","dependencyConditions":["Succeeded"]}],"policy":{"timeout":"7.00:00:00","retry":0,"retryIntervalInSeconds":30,"secureOutput":false,"secureInput":false},"userProperties":[],"typeProperties":{"storedProcedureName":"[[ctl].[sp_recon_logger]","storedProcedureParameters":{"datafactory_name":{"value":{"value":"@pipeline().DataFactory","type":"Expression"},"type":"String"},"Executed_by":{"value":{"value":"'Tips Full Load Pipeline'","type":"Expression"},"type":"String"},"Execution_time":{"value":{"value":"@addhours(utcnow(),8)","type":"Expression"},"type":"DateTime"},"pipeline_name":{"value":{"value":"@pipeline().Pipeline","type":"Expression"},"type":"String"},"pipeline_run_id":{"value":{"value":"@pipeline().RunId","type":"Expression"},"type":"String"},"Records_read":{"value":{"value":"@activity('Copy_SourceMirror_DataLake').output.rowsRead","type":"Expression"},"type":"Int64"},"Records_written":{"value":{"value":"@activity('Copy_SourceMirror_DataLake').output.rowsCopied","type":"Expression"},"type":"Int64"},"Rule_id":{"value":{"value":"@item().rule_id","type":"Expression"},"type":"Int32"}}},"linkedServiceName":{"referenceName":"[parameters('LotusDbRaw')]","type":"LinkedServiceReference"}}]}},{"name":"Master Control Table Lookup","description":"Performs lookup activity on master control table","type":"Lookup","dependsOn":[],"policy":{"timeout":"7.00:00:00","retry":0,"retryIntervalInSeconds":30,"secureOutput":false,"secureInput":false},"userProperties":[],"typeProperties":{"source":{"type":"AzureSqlSource","sqlReaderQuery":"select * from ctl.job_controller where active_flag = 'Y' and process_type = 'src-raw' and source_origin in ('Tips')","queryTimeout":"02:00:00","partitionOption":"None"},"dataset":{"referenceName":"DS_Job_Controller","type":"DatasetReference","parameters":{"cntrl_tbl_schema":"@pipeline().parameters.cntrl_tbl_schema"}},"firstRowOnly":false}}],"policy":{"elapsedTimeMetric":{},"cancelAfter":{}},"parameters":{"cntrl_tbl_schema":{"type":"string","defaultValue":"ctl"}},"folder":{"name":"AIA_LOTUS_Phase1_Full_Load"},"annotations":[],"lastPublishTime":"2022-01-19T09:21:07Z"},"dependsOn":["[concat(variables('factoryId'), '/datasets/DS_Job_Controller_Rule')]","[concat(variables('factoryId'), '/datasets/DS_Job_Controller')]","[concat(variables('factoryId'), '/datasets/DS_Lotus_Tips_full')]","[concat(variables('factoryId'), '/datasets/DS_Lotus_Tips_full_sink')]","[concat(variables('factoryId'), '/datasets/ds_source_mirror')]","[concat(variables('factoryId'), '/datasets/ds_Lotus_sourcemirror_DataLake')]"]},{"name":"[concat(parameters('factoryName'), '/Pipeline_Lotus_L2_Full_Load_SUNSHINE_SourceToSourceMirror')]","type":"Microsoft.DataFactory/factories/pipelines","apiVersion":"2018-06-01","properties":{"activities":[{"name":"Job Rule Table Lookup for Full Load","description":"Performs lookup activity on rule control table","type":"Lookup","dependsOn":[{"activity":"Master Control Table Lookup","dependencyConditions":["Succeeded"]}],"policy":{"timeout":"7.00:00:00","retry":0,"retryIntervalInSeconds":30,"secureOutput":false,"secureInput":false},"userProperties":[],"typeProperties":{"source":{"type":"AzureSqlSource","sqlReaderQuery":{"value":"@concat('select A.source_schema,A.source_name,A.target_schema,A.target_name,A.job_id,A.active_flag,A.rule_id,A.loading_mode from ',pipeline().parameters.cntrl_tbl_schema,'.job_controller_rule A where A.active_flag=''Y'' and A.job_id =',activity('Master Control Table Lookup').output.value[0].job_id,' and loading_mode = ''Full'' ')","type":"Expression"},"queryTimeout":"02:00:00","partitionOption":"None"},"dataset":{"referenceName":"DS_Job_Controller_Rule","type":"DatasetReference","parameters":{"cntrl_tbl_schema":{"value":"@pipeline().parameters.cntrl_tbl_schema","type":"Expression"}}},"firstRowOnly":false}},{"name":"For Each Table in Full Load mode","description":"Iterates over each record which satisfies the criteria from previous two lookups","type":"ForEach","dependsOn":[{"activity":"Job Rule Table Lookup for Full Load","dependencyConditions":["Succeeded"]}],"userProperties":[],"typeProperties":{"items":{"value":"@activity('Job Rule Table Lookup for Full load').output.value","type":"Expression"},"batchCount":1,"activities":[{"name":"Copy data to Source Mirror","description":"Copies data in full load from source to source mirror","type":"Copy","dependsOn":[],"policy":{"timeout":"7.00:00:00","retry":0,"retryIntervalInSeconds":30,"secureOutput":false,"secureInput":false},"userProperties":[],"typeProperties":{"source":{"type":"AzureSqlSource","queryTimeout":"02:00:00","partitionOption":"None"},"sink":{"type":"AzureSqlSink","preCopyScript":{"value":"@{concat('TRUNCATE TABLE ',item().target_schema,'.',item().target_name)}","type":"Expression"},"disableMetricsCollection":false},"enableStaging":false,"translator":{"type":"TabularTranslator","typeConversion":true,"typeConversionSettings":{"allowDataTruncation":true,"treatBooleanAsNumber":false}}},"inputs":[{"referenceName":"DS_dynamic_sunshine_source","type":"DatasetReference","parameters":{"source_schema":{"value":"@item().source_schema","type":"Expression"},"source_name":"@item().source_name"}}],"outputs":[{"referenceName":"DS_Dynamic_Staging","type":"DatasetReference","parameters":{"staging_schema":"@item().target_schema","staging_target_table_name":"@item().target_name"}}]},{"name":"Standard logs","type":"SqlServerStoredProcedure","dependsOn":[{"activity":"Copy data to Source Mirror","dependencyConditions":["Completed"]}],"policy":{"timeout":"7.00:00:00","retry":0,"retryIntervalInSeconds":30,"secureOutput":false,"secureInput":false},"userProperties":[],"typeProperties":{"storedProcedureName":"[[ctl].[sp_job_logger]","storedProcedureParameters":{"datafactory_name":{"value":{"value":"@pipeline().DataFactory","type":"Expression"},"type":"String"},"execution_status":{"value":{"value":"@activity('Copy data to Source Mirror').output.executionDetails[0].status","type":"Expression"},"type":"String"},"high_watermark":{"value":{"value":"@addhours(pipeline().TriggerTime,8)","type":"Expression"},"type":"DateTime"},"job_id":{"value":{"value":"@item().job_id","type":"Expression"},"type":"Int32"},"low_watermark":{"value":{"value":"@addhours(pipeline().TriggerTime,8)","type":"Expression"},"type":"DateTime"},"pipeline_name":{"value":{"value":"@pipeline().Pipeline","type":"Expression"},"type":"String"},"pipeline_run_id":{"value":{"value":"@pipeline().RunId","type":"Expression"},"type":"String"},"process_end_time":{"value":{"value":"@addhours(utcnow(),8)","type":"Expression"},"type":"DateTime"},"process_start_time":{"value":{"value":"@addhours(activity('Copy data to Source Mirror').output.executionDetails[0].start\n,8)","type":"Expression"},"type":"DateTime"},"records_read":{"value":{"value":"@activity('Copy data to Source Mirror').output.rowsRead","type":"Expression"},"type":"Int64"},"records_write":{"value":{"value":"@activity('Copy data to Source Mirror').output.rowsCopied","type":"Expression"},"type":"Int64"},"rule_id":{"value":{"value":"@item().rule_id","type":"Expression"},"type":"Int32"},"trigger_name":{"value":{"value":"@pipeline().TriggerName","type":"Expression"},"type":"String"},"trigger_time":{"value":{"value":"@addhours(pipeline().TriggerTime,8)","type":"Expression"},"type":"DateTime"},"activity_details":{"value":"Sunshine copy activity from source to staging","type":"String"},"master_pipeline_name":{"value":{"value":"@pipeline()?.TriggeredByPipelineName","type":"Expression"},"type":"String"},"master_pipeline_run_id":{"value":{"value":"@pipeline()?.TriggeredByPipelineRunId","type":"Expression"},"type":"String"}}},"linkedServiceName":{"referenceName":"[parameters('LotusDbRaw')]","type":"LinkedServiceReference"}},{"name":"Error Logs_copy1","type":"SqlServerStoredProcedure","dependsOn":[{"activity":"Copy data to Source Mirror","dependencyConditions":["Failed"]}],"policy":{"timeout":"7.00:00:00","retry":0,"retryIntervalInSeconds":30,"secureOutput":false,"secureInput":false},"userProperties":[],"typeProperties":{"storedProcedureName":"[[ctl].[sp_job_error_logger]","storedProcedureParameters":{"datafactory_name":{"value":{"value":"@pipeline().DataFactory","type":"Expression"},"type":"String"},"error_log":{"value":{"value":"@activity('Copy data to Source Mirror').output.errors[0].Message","type":"Expression"},"type":"String"},"error_message":{"value":{"value":"@activity('Copy data to Source Mirror').error.failureType","type":"Expression"},"type":"String"},"job_id":{"value":{"value":"@item().job_id","type":"Expression"},"type":"Int32"},"job_log_id":{"value":"1","type":"Int64"},"pipeline_name":{"value":{"value":"@pipeline().Pipeline","type":"Expression"},"type":"String"},"pipeline_run_id":{"value":{"value":"@pipeline().RunId","type":"Expression"},"type":"String"},"process_type":{"value":{"value":"src-stg","type":"Expression"},"type":"String"},"rule_id":{"value":{"value":"@item().rule_id","type":"Expression"},"type":"Int32"}}},"linkedServiceName":{"referenceName":"[parameters('LotusDbRaw')]","type":"LinkedServiceReference"}},{"name":"Copy_SourceMirror_DataLake","type":"Copy","dependsOn":[{"activity":"Copy data to Source Mirror","dependencyConditions":["Succeeded"]}],"policy":{"timeout":"7.00:00:00","retry":0,"retryIntervalInSeconds":30,"secureOutput":false,"secureInput":false},"userProperties":[],"typeProperties":{"source":{"type":"AzureSqlSource","queryTimeout":"02:00:00","isolationLevel":"ReadCommitted","partitionOption":"None"},"sink":{"type":"ParquetSink","storeSettings":{"type":"AzureBlobStorageWriteSettings"},"formatSettings":{"type":"ParquetWriteSettings"}},"enableStaging":false,"translator":{"type":"TabularTranslator","typeConversion":true,"typeConversionSettings":{"allowDataTruncation":true,"treatBooleanAsNumber":false}}},"inputs":[{"referenceName":"ds_source_mirror","type":"DatasetReference","parameters":{"source_schema":{"value":"@item().target_schema","type":"Expression"},"source_name":{"value":"@item().target_name","type":"Expression"}}}],"outputs":[{"referenceName":"ds_Lotus_sourcemirror_DataLake","type":"DatasetReference","parameters":{"File_Name":{"value":"@item().target_name","type":"Expression"},"Source_Name":{"value":"Sunshine","type":"Expression"}}}]},{"name":"adls job log","type":"SqlServerStoredProcedure","dependsOn":[{"activity":"Copy_SourceMirror_DataLake","dependencyConditions":["Completed"]}],"policy":{"timeout":"7.00:00:00","retry":0,"retryIntervalInSeconds":30,"secureOutput":false,"secureInput":false},"userProperties":[],"typeProperties":{"storedProcedureName":"[[ctl].[sp_job_logger]","storedProcedureParameters":{"activity_details":{"value":{"value":"@concat('Copy data for table ',item().target_schema,'.',item().target_name)","type":"Expression"},"type":"String"},"datafactory_name":{"value":{"value":"@pipeline().DataFactory","type":"Expression"},"type":"String"},"execution_status":{"value":{"value":"@activity('Copy_SourceMirror_DataLake').output.executionDetails[0].status","type":"Expression"},"type":"String"},"high_watermark":{"value":{"value":"@addhours(pipeline().TriggerTime,8)","type":"Expression"},"type":"DateTime"},"job_id":{"value":{"value":"@item().job_id","type":"Expression"},"type":"Int32"},"low_watermark":{"value":{"value":"@addhours(pipeline().TriggerTime,8)","type":"Expression"},"type":"DateTime"},"pipeline_name":{"value":{"value":"@pipeline().Pipeline","type":"Expression"},"type":"String"},"pipeline_run_id":{"value":{"value":"@pipeline().RunId","type":"Expression"},"type":"String"},"process_end_time":{"value":{"value":"@addhours(utcnow(),8)","type":"Expression"},"type":"DateTime"},"process_start_time":{"value":{"value":"@addhours(activity('Copy_SourceMirror_DataLake').output.executionDetails[0].start\n,8)","type":"Expression"},"type":"DateTime"},"records_read":{"value":{"value":"@activity('Copy_SourceMirror_DataLake').output.rowsRead","type":"Expression"},"type":"Int64"},"records_write":{"value":{"value":"@activity('Copy_SourceMirror_DataLake').output.rowsCopied","type":"Expression"},"type":"Int64"},"rule_id":{"value":{"value":"@item().rule_id","type":"Expression"},"type":"Int32"},"trigger_name":{"value":{"value":"@pipeline().TriggerName","type":"Expression"},"type":"String"},"trigger_time":{"value":{"value":"@addhours(pipeline().TriggerTime,8)","type":"Expression"},"type":"DateTime"},"master_pipeline_name":{"value":{"value":"@pipeline()?.TriggeredByPipelineName","type":"Expression"},"type":"String"},"master_pipeline_run_id":{"value":{"value":"@pipeline()?.TriggeredByPipelineRunId","type":"Expression"},"type":"String"}}},"linkedServiceName":{"referenceName":"[parameters('LotusDbRaw')]","type":"LinkedServiceReference"}},{"name":"adls error log","type":"SqlServerStoredProcedure","dependsOn":[{"activity":"Copy_SourceMirror_DataLake","dependencyConditions":["Failed"]}],"policy":{"timeout":"7.00:00:00","retry":0,"retryIntervalInSeconds":30,"secureOutput":false,"secureInput":false},"userProperties":[],"typeProperties":{"storedProcedureName":"[[ctl].[sp_job_error_logger]","storedProcedureParameters":{"datafactory_name":{"value":{"value":"@pipeline().DataFactory","type":"Expression"},"type":"String"},"error_log":{"value":{"value":"@activity('Copy_SourceMirror_DataLake').output.errors[0].Message","type":"Expression"},"type":"String"},"error_message":{"value":{"value":"@activity('Copy_SourceMirror_DataLake').error.failureType","type":"Expression"},"type":"String"},"job_id":{"value":{"value":"@item().job_id","type":"Expression"},"type":"Int32"},"job_log_id":{"value":"1","type":"Int64"},"pipeline_name":{"value":{"value":"@pipeline().Pipeline","type":"Expression"},"type":"String"},"pipeline_run_id":{"value":{"value":"@pipeline().RunId","type":"Expression"},"type":"String"},"process_type":{"value":{"value":"@item().process_type","type":"Expression"},"type":"String"},"rule_id":{"value":{"value":"@item().rule_id","type":"Expression"},"type":"Int32"}}},"linkedServiceName":{"referenceName":"[parameters('LotusDbRaw')]","type":"LinkedServiceReference"}},{"name":"Stored Procedure Recon","type":"SqlServerStoredProcedure","dependsOn":[{"activity":"Standard logs","dependencyConditions":["Succeeded"]}],"policy":{"timeout":"7.00:00:00","retry":0,"retryIntervalInSeconds":30,"secureOutput":false,"secureInput":false},"userProperties":[],"typeProperties":{"storedProcedureName":"[[ctl].[sp_recon_logger]","storedProcedureParameters":{"datafactory_name":{"value":{"value":"@pipeline().DataFactory","type":"Expression"},"type":"String"},"Executed_by":{"value":{"value":"'Sunshine Full Load Pipeline'","type":"Expression"},"type":"String"},"Execution_time":{"value":{"value":"@addhours(utcnow(),8)","type":"Expression"},"type":"DateTime"},"pipeline_name":{"value":{"value":"@pipeline().Pipeline","type":"Expression"},"type":"String"},"pipeline_run_id":{"value":{"value":"@pipeline().RunId","type":"Expression"},"type":"String"},"Records_read":{"value":{"value":"@activity('Copy data to Source Mirror').output.rowsRead","type":"Expression"},"type":"Int64"},"Records_written":{"value":{"value":"@activity('Copy data to Source Mirror').output.rowsCopied","type":"Expression"},"type":"Int64"},"Rule_id":{"value":{"value":"@item().rule_id","type":"Expression"},"type":"Int32"}}},"linkedServiceName":{"referenceName":"[parameters('LotusDbRaw')]","type":"LinkedServiceReference"}},{"name":"Stored Procedure Recon_ADLS","type":"SqlServerStoredProcedure","dependsOn":[{"activity":"adls job log","dependencyConditions":["Succeeded"]}],"policy":{"timeout":"7.00:00:00","retry":0,"retryIntervalInSeconds":30,"secureOutput":false,"secureInput":false},"userProperties":[],"typeProperties":{"storedProcedureName":"[[ctl].[sp_recon_logger]","storedProcedureParameters":{"datafactory_name":{"value":{"value":"@pipeline().DataFactory","type":"Expression"},"type":"String"},"Executed_by":{"value":{"value":"'Sunshine Full Load Pipeline'","type":"Expression"},"type":"String"},"Execution_time":{"value":{"value":"@addhours(utcnow(),8)","type":"Expression"},"type":"DateTime"},"pipeline_name":{"value":{"value":"@pipeline().Pipeline","type":"Expression"},"type":"String"},"pipeline_run_id":{"value":{"value":"@pipeline().RunId","type":"Expression"},"type":"String"},"Records_read":{"value":{"value":"@activity('Copy_SourceMirror_DataLake').output.rowsRead","type":"Expression"},"type":"Int64"},"Records_written":{"value":{"value":"@activity('Copy_SourceMirror_DataLake').output.rowsCopied","type":"Expression"},"type":"Int64"},"Rule_id":{"value":{"value":"@item().rule_id","type":"Expression"},"type":"Int32"}}},"linkedServiceName":{"referenceName":"[parameters('LotusDbRaw')]","type":"LinkedServiceReference"}}]}},{"name":"Master Control Table Lookup","description":"Performs lookup activity on master control table","type":"Lookup","dependsOn":[],"policy":{"timeout":"7.00:00:00","retry":0,"retryIntervalInSeconds":30,"secureOutput":false,"secureInput":false},"userProperties":[],"typeProperties":{"source":{"type":"AzureSqlSource","sqlReaderQuery":"select * from ctl.job_controller where active_flag = 'Y' and process_type = 'src-raw' and source_origin in ('SunShine')","queryTimeout":"02:00:00","partitionOption":"None"},"dataset":{"referenceName":"DS_Job_Controller","type":"DatasetReference","parameters":{"cntrl_tbl_schema":"@pipeline().parameters.cntrl_tbl_schema"}},"firstRowOnly":false}}],"policy":{"elapsedTimeMetric":{},"cancelAfter":{}},"parameters":{"cntrl_tbl_schema":{"type":"string","defaultValue":"ctl"}},"folder":{"name":"AIA_LOTUS_Phase1_Full_Load"},"annotations":[],"lastPublishTime":"2022-01-19T08:57:44Z"},"dependsOn":["[concat(variables('factoryId'), '/datasets/DS_Job_Controller_Rule')]","[concat(variables('factoryId'), '/datasets/DS_Job_Controller')]","[concat(variables('factoryId'), '/datasets/DS_dynamic_sunshine_source')]","[concat(variables('factoryId'), '/datasets/DS_Dynamic_Staging')]","[concat(variables('factoryId'), '/datasets/ds_source_mirror')]","[concat(variables('factoryId'), '/datasets/ds_Lotus_sourcemirror_DataLake')]"]},{"name":"[concat(parameters('factoryName'), '/DS_Job_Controller_Rule')]","type":"Microsoft.DataFactory/factories/datasets","apiVersion":"2018-06-01","properties":{"linkedServiceName":{"referenceName":"[parameters('LotusDbRaw')]","type":"LinkedServiceReference"},"parameters":{"cntrl_tbl_schema":{"type":"string","defaultValue":"ctl"}},"annotations":[],"type":"AzureSqlTable","schema":[{"name":"rule_id","type":"int","precision":10},{"name":"job_id","type":"int","precision":10},{"name":"source_schema","type":"varchar"},{"name":"source_name","type":"varchar"},{"name":"target_schema","type":"varchar"},{"name":"target_name","type":"varchar"},{"name":"loading_window_period","type":"int","precision":10},{"name":"loading_mode","type":"varchar"},{"name":"last_updated_by","type":"varchar"},{"name":"last_updated_date","type":"datetime","precision":23,"scale":3},{"name":"extraction_query","type":"varchar"},{"name":"active_flag","type":"char"}],"typeProperties":{"schema":{"value":"@dataset().cntrl_tbl_schema","type":"Expression"},"table":"job_controller_rule"}},"dependsOn":[]},{"name":"[concat(parameters('factoryName'), '/ds_source_mirror')]","type":"Microsoft.DataFactory/factories/datasets","apiVersion":"2018-06-01","properties":{"linkedServiceName":{"referenceName":"[parameters('LotusDbRaw')]","type":"LinkedServiceReference"},"parameters":{"source_schema":{"type":"string"},"source_name":{"type":"string"}},"annotations":[],"type":"AzureSqlTable","schema":[],"typeProperties":{"schema":{"value":"@dataset().source_schema","type":"Expression"},"table":{"value":"@dataset().source_name","type":"Expression"}}},"dependsOn":[]},{"name":"[concat(parameters('factoryName'), '/ds_Lotus_sourcemirror_DataLake')]","type":"Microsoft.DataFactory/factories/datasets","apiVersion":"2018-06-01","properties":{"linkedServiceName":{"referenceName":"[parameters('LotusDataLakeSA')]","type":"LinkedServiceReference"},"parameters":{"File_Name":{"type":"string"},"Source_Name":{"type":"string"}},"annotations":[],"type":"Parquet","typeProperties":{"location":{"type":"AzureBlobStorageLocation","fileName":{"value":"@concat(dataset().Source_Name,'_',dataset().File_Name,'_File_',utcnow(),'.parquet')","type":"Expression"},"folderPath":{"value":"@concat('MsSql','/',dataset().Source_Name,'/','day=',substring(utcnow(),0,10),'/')","type":"Expression"},"container":"rdbms"},"compressionCodec":"snappy"},"schema":[]},"dependsOn":[]},{"name":"[concat(parameters('factoryName'), '/DS_DynamicEdenSource')]","type":"Microsoft.DataFactory/factories/datasets","apiVersion":"2018-06-01","properties":{"linkedServiceName":{"referenceName":"[parameters('EdenDbSource')]","type":"LinkedServiceReference"},"parameters":{"source_schema":{"type":"string"},"source_table_name":{"type":"string"}},"annotations":[],"type":"SqlServerTable","schema":[],"typeProperties":{"schema":{"value":"@dataset().Source_Schema","type":"Expression"},"table":{"value":"@dataset().Source_table_name","type":"Expression"}}},"dependsOn":[]},{"name":"[concat(parameters('factoryName'), '/DS_Dynamic_Staging')]","type":"Microsoft.DataFactory/factories/datasets","apiVersion":"2018-06-01","properties":{"linkedServiceName":{"referenceName":"[parameters('LotusDbRaw')]","type":"LinkedServiceReference"},"parameters":{"staging_schema":{"type":"string"},"staging_target_table_name":{"type":"string"}},"annotations":[],"type":"AzureSqlTable","schema":[],"typeProperties":{"schema":{"value":"@dataset().staging_schema","type":"Expression"},"table":{"value":"@dataset().staging_target_table_name","type":"Expression"}}},"dependsOn":[]},{"name":"[concat(parameters('factoryName'), '/DF_Lotus_stg_source_mirror')]","type":"Microsoft.DataFactory/factories/dataflows","apiVersion":"2018-06-01","properties":{"type":"MappingDataFlow","typeProperties":{"sources":[{"dataset":{"referenceName":"DS_Upsert_Src","type":"DatasetReference"},"name":"source1"}],"sinks":[{"dataset":{"referenceName":"DS_raw_upsert","type":"DatasetReference"},"name":"sink1"}],"transformations":[{"name":"AlterRow1"}],"script":"parameters{\n\tsource_name as string,\n\tsource_schema as string,\n\ttarget_name as string,\n\ttarget_schema as string,\n\tupsert_keys as string,\n\tlatest_timestamp as string,\n\tparameter1 as string (max($latest_timestamp))\n}\nsource(allowSchemaDrift: true,\n\tvalidateSchema: false,\n\tisolationLevel: 'READ_UNCOMMITTED',\n\tquery: ('select * from (select *, rank() over (partition by '+ $upsert_keys+' order by '+$latest_timestamp+' desc) as ranknum from '+$source_schema+'.'+$source_name+') a where ranknum = 1'),\n\tformat: 'query') ~> source1\nsource1 alterRow(upsertIf(isNull($upsert_keys)==false())) ~> AlterRow1\nAlterRow1 sink(allowSchemaDrift: true,\n\tvalidateSchema: false,\n\tinput(\n\t\tDTL__CAPXRESTART1 as binary,\n\t\tDTL__CAPXRESTART2 as binary,\n\t\tDTL__CAPXUOW as binary,\n\t\tDTL__CAPXUSER as string,\n\t\tDTL__CAPXTIMESTAMP as string,\n\t\tDTL__CAPXACTION as string,\n\t\tDTL__CAPXCASDELIND as string,\n\t\tDTL__CAPXRRN as integer,\n\t\tCA_CO as string,\n\t\tCA_POLNUM as string,\n\t\tCA_RIDNUM as string,\n\t\tCA_TRLRID1 as decimal(3,0),\n\t\tCA_TRLRID2 as decimal(3,0),\n\t\tCA_TRLRID3 as decimal(3,0),\n\t\tCA_TRLRID4 as decimal(3,0),\n\t\tCA_TRLRID5 as decimal(3,0),\n\t\tCA_TRLRID6 as decimal(3,0),\n\t\tCA_TRLRID7 as decimal(3,0),\n\t\tCA_TRLRID8 as decimal(3,0),\n\t\tCA_TRLRID9 as decimal(3,0),\n\t\tCA_TRLRID10 as decimal(3,0),\n\t\tCA_TRLRID11 as decimal(3,0),\n\t\tCA_TRLRID12 as decimal(3,0),\n\t\tCA_PAID_TO as string,\n\t\tCA_BILLD_TO as string,\n\t\tCA_SUBDTE as string,\n\t\tCA_DTEISS as string,\n\t\tCA_FORCE as string,\n\t\tCA_SUSPD as string,\n\t\tCA_STATUS as string,\n\t\tCA_DUR as decimal(3,0),\n\t\tCA_BFORM as string,\n\t\tCA_BMODE as decimal(2,0),\n\t\tCA_BDAY as decimal(3,0),\n\t\tCA_BDAYUSE as string,\n\t\tCA_CONTROL as string,\n\t\tCA_APREM as decimal(11,2),\n\t\tCA_SPREM as decimal(11,2),\n\t\tCA_QPREM as decimal(11,2),\n\t\tCA_MPREM as decimal(11,2),\n\t\tCA_POLFEE as decimal(5,2),\n\t\tCA_MRULE as string,\n\t\tCA_HANDL as string,\n\t\tCA_SPEC as string,\n\t\tCA_NFO as string,\n\t\tCA_APL as string,\n\t\tCA_PRENOTE as string,\n\t\tCA_SUSTYPE1 as string,\n\t\tCA_SUSAMT1 as decimal(11,2),\n\t\tCA_SUSDTE1 as string,\n\t\tCA_SUSTYPE2 as string,\n\t\tCA_SUSAMT2 as decimal(11,2),\n\t\tCA_SUSDTE2 as string,\n\t\tCA_SUSTYPE3 as string,\n\t\tCA_SUSAMT3 as decimal(11,2),\n\t\tCA_SUSDTE3 as string,\n\t\tCA_INAME as string,\n\t\tCA_ONAME as string,\n\t\tCA_TAXUSE as string,\n\t\tCA_TAXID as string,\n\t\tCA_STATE as string,\n\t\tCA_CNTY as string,\n\t\tCA_CITY as string,\n\t\tCA_LASTTRDT as string,\n\t\tCA_LTRTYPE as string,\n\t\tCA_LASTACCT as string,\n\t\tCA_OCODE as string,\n\t\tCOMPANY_SHORT_CD as string,\n\t\tLAST_MODIFIED_DT as timestamp,\n\t\tROW_PRO_IND_Adam_Application_Info as integer,\n\t\tROW_PRO_IND_ADAM_POLICY_STATUS as integer,\n\t\tROW_PRO_IND_ADAM_POLICY_SUSPENSE_DETAILS as integer,\n\t\tROW_PRO_IND_Adam_Policy_Pay_Record as integer,\n\t\tROW_PRO_IND_ADAM_ADDRESS as integer,\n\t\tROW_PRO_IND_Adam_Policy as integer,\n\t\tROW_PRO_IND_Adam_holding as integer,\n\t\tSEQUENCE_ID as long\n\t),\n\tdeletable:false,\n\tinsertable:false,\n\tupdateable:false,\n\tupsertable:true,\n\tkeys:(split($upsert_keys,',')),\n\tformat: 'table',\n\tskipDuplicateMapInputs: true,\n\tskipDuplicateMapOutputs: true,\n\terrorHandlingOption: 'stopOnFirstError') ~> sink1"}},"dependsOn":["[concat(variables('factoryId'), '/datasets/DS_Upsert_Src')]","[concat(variables('factoryId'), '/datasets/DS_raw_upsert')]"]},{"name":"[concat(parameters('factoryName'), '/DS_Lotus_Tips_full')]","type":"Microsoft.DataFactory/factories/datasets","apiVersion":"2018-06-01","properties":{"linkedServiceName":{"referenceName":"[parameters('TipsDbSource')]","type":"LinkedServiceReference"},"parameters":{"source_schema":{"type":"string"},"source_name":{"type":"string"}},"annotations":[],"type":"SqlServerTable","schema":[],"typeProperties":{"schema":{"value":"@dataset().source_schema","type":"Expression"},"table":{"value":"@dataset().source_name","type":"Expression"}}},"dependsOn":[]},{"name":"[concat(parameters('factoryName'), '/DS_Lotus_Tips_full_sink')]","type":"Microsoft.DataFactory/factories/datasets","apiVersion":"2018-06-01","properties":{"linkedServiceName":{"referenceName":"[parameters('LotusDbRaw')]","type":"LinkedServiceReference"},"parameters":{"target_schema":{"type":"string"},"target_name":{"type":"string"}},"annotations":[],"type":"AzureSqlTable","schema":[],"typeProperties":{"schema":{"value":"@dataset().target_schema","type":"Expression"},"table":{"value":"@dataset().target_name","type":"Expression"}}},"dependsOn":[]},{"name":"[concat(parameters('factoryName'), '/DS_dynamic_sunshine_source')]","type":"Microsoft.DataFactory/factories/datasets","apiVersion":"2018-06-01","properties":{"linkedServiceName":{"referenceName":"[parameters('SunshineDbSource')]","type":"LinkedServiceReference"},"parameters":{"source_schema":{"type":"string"},"source_name":{"type":"string"}},"annotations":[],"type":"AzureSqlTable","schema":[],"typeProperties":{"schema":{"value":"@dataset().source_schema","type":"Expression"},"table":{"value":"@dataset().source_name","type":"Expression"}}},"dependsOn":[]},{"name":"[concat(parameters('factoryName'), '/DS_Upsert_Src')]","type":"Microsoft.DataFactory/factories/datasets","apiVersion":"2018-06-01","properties":{"linkedServiceName":{"referenceName":"[parameters('LotusDbRaw')]","type":"LinkedServiceReference"},"annotations":[],"type":"AzureSqlTable","schema":[],"typeProperties":{}},"dependsOn":[]},{"name":"[concat(parameters('factoryName'), '/DS_raw_upsert')]","type":"Microsoft.DataFactory/factories/datasets","apiVersion":"2018-06-01","properties":{"linkedServiceName":{"referenceName":"[parameters('LotusDbRaw')]","type":"LinkedServiceReference"},"parameters":{"target_schema":{"type":"string"},"target_name":{"type":"string"}},"annotations":[],"type":"AzureSqlTable","schema":[{"name":"DTL__CAPXRESTART1","type":"varbinary"},{"name":"DTL__CAPXRESTART2","type":"varbinary"},{"name":"DTL__CAPXUOW","type":"varbinary"},{"name":"DTL__CAPXUSER","type":"varchar"},{"name":"DTL__CAPXTIMESTAMP","type":"varchar"},{"name":"DTL__CAPXACTION","type":"varchar"},{"name":"DTL__CAPXCASDELIND","type":"varchar"},{"name":"DTL__CAPXRRN","type":"int","precision":10},{"name":"CA_CO","type":"char"},{"name":"CA_POLNUM","type":"char"},{"name":"CA_RIDNUM","type":"char"},{"name":"CA_TRLRID1","type":"decimal","precision":3,"scale":0},{"name":"CA_TRLRID2","type":"decimal","precision":3,"scale":0},{"name":"CA_TRLRID3","type":"decimal","precision":3,"scale":0},{"name":"CA_TRLRID4","type":"decimal","precision":3,"scale":0},{"name":"CA_TRLRID5","type":"decimal","precision":3,"scale":0},{"name":"CA_TRLRID6","type":"decimal","precision":3,"scale":0},{"name":"CA_TRLRID7","type":"decimal","precision":3,"scale":0},{"name":"CA_TRLRID8","type":"decimal","precision":3,"scale":0},{"name":"CA_TRLRID9","type":"decimal","precision":3,"scale":0},{"name":"CA_TRLRID10","type":"decimal","precision":3,"scale":0},{"name":"CA_TRLRID11","type":"decimal","precision":3,"scale":0},{"name":"CA_TRLRID12","type":"decimal","precision":3,"scale":0},{"name":"CA_PAID_TO","type":"char"},{"name":"CA_BILLD_TO","type":"char"},{"name":"CA_SUBDTE","type":"char"},{"name":"CA_DTEISS","type":"char"},{"name":"CA_FORCE","type":"char"},{"name":"CA_SUSPD","type":"char"},{"name":"CA_STATUS","type":"char"},{"name":"CA_DUR","type":"decimal","precision":3,"scale":0},{"name":"CA_BFORM","type":"char"},{"name":"CA_BMODE","type":"decimal","precision":2,"scale":0},{"name":"CA_BDAY","type":"decimal","precision":3,"scale":0},{"name":"CA_BDAYUSE","type":"char"},{"name":"CA_CONTROL","type":"char"},{"name":"CA_APREM","type":"decimal","precision":11,"scale":2},{"name":"CA_SPREM","type":"decimal","precision":11,"scale":2},{"name":"CA_QPREM","type":"decimal","precision":11,"scale":2},{"name":"CA_MPREM","type":"decimal","precision":11,"scale":2},{"name":"CA_POLFEE","type":"decimal","precision":5,"scale":2},{"name":"CA_MRULE","type":"char"},{"name":"CA_HANDL","type":"char"},{"name":"CA_SPEC","type":"char"},{"name":"CA_NFO","type":"char"},{"name":"CA_APL","type":"char"},{"name":"CA_PRENOTE","type":"char"},{"name":"CA_SUSTYPE1","type":"char"},{"name":"CA_SUSAMT1","type":"decimal","precision":11,"scale":2},{"name":"CA_SUSDTE1","type":"char"},{"name":"CA_SUSTYPE2","type":"char"},{"name":"CA_SUSAMT2","type":"decimal","precision":11,"scale":2},{"name":"CA_SUSDTE2","type":"char"},{"name":"CA_SUSTYPE3","type":"char"},{"name":"CA_SUSAMT3","type":"decimal","precision":11,"scale":2},{"name":"CA_SUSDTE3","type":"char"},{"name":"CA_INAME","type":"char"},{"name":"CA_ONAME","type":"char"},{"name":"CA_TAXUSE","type":"char"},{"name":"CA_TAXID","type":"char"},{"name":"CA_STATE","type":"char"},{"name":"CA_CNTY","type":"char"},{"name":"CA_CITY","type":"char"},{"name":"CA_LASTTRDT","type":"char"},{"name":"CA_LTRTYPE","type":"char"},{"name":"CA_LASTACCT","type":"char"},{"name":"CA_OCODE","type":"char"},{"name":"COMPANY_SHORT_CD","type":"varchar"},{"name":"LAST_MODIFIED_DT","type":"datetime","precision":23,"scale":3},{"name":"ROW_PRO_IND_Adam_Application_Info","type":"smallint","precision":5},{"name":"ROW_PRO_IND_ADAM_POLICY_STATUS","type":"smallint","precision":5},{"name":"ROW_PRO_IND_ADAM_POLICY_SUSPENSE_DETAILS","type":"smallint","precision":5},{"name":"ROW_PRO_IND_Adam_Policy_Pay_Record","type":"int","precision":10},{"name":"ROW_PRO_IND_ADAM_ADDRESS","type":"smallint","precision":5},{"name":"ROW_PRO_IND_Adam_Policy","type":"smallint","precision":5},{"name":"ROW_PRO_IND_Adam_holding","type":"smallint","precision":5},{"name":"SEQUENCE_ID","type":"bigint","precision":19}],"typeProperties":{"schema":{"value":"@dataset().target_schema","type":"Expression"},"table":{"value":"@dataset().target_name","type":"Expression"}}},"dependsOn":[]}]}